ordinal,generated_input,exact_operation,generated_output,mathematical_consequence
1,two primitive channels; four transformation layers,"form 2, 4, 8, 10 and the twelve-seat carrier",0: 2; 1: 4; 2: 8; 3: 10; 4: 12,the primitive carrier data are fixed
2,two-fold condition; three-fold condition; four-fold condition,take the least positive common carrier,12,no smaller positive carrier satisfies all three conditions
3,carrier ranks; root sets,add rank and root count,0: 1; 1: 3; 2: 8,"the U1, A1 and A2 algebra dimensions are obtained"
4,gauge representations; Yukawa invariance equations,solve all linear and cubic anomaly equations together,primitive chiral charge ray,relative chiral charges are fixed
5,chiral charge ray; weak isospin,add the two charge contributions and divide by their common divisor,0: 2; 1: -1; 2: 0; 3: -3,the relative electric charges follow
6,Higgs charge; lower weak-isospin charge,add the two charges,0,the selected vacuum is electrically neutral
7,neutral gauge mass matrix,"compute determinant, trace and null vector",0: 0; 1: 8; 2: 1,exactly one neutral gauge direction is massless
8,C12 carrier; gamma-five; Hermitian involution,construct the Ginsparg-Wilson operator and compute rank and index,0: 11; 1: 1,one exact chiral mode remains
9,nilpotent BRST operator,"compute kernel, image and quotient dimensions",0: 4; 1: 2; 2: 2,gauge-exact states are removed and positive physical states remain
10,field representations; canonical dimension bound,enumerate all gauge-invariant monomials,"kinetic, scalar, Yukawa and neutral Majorana classes",the admissible matter operator basis is fixed
11,signed conserved source; abelian connection,form the abelian curvature and divergence equation,electromagnetic field operator,the electromagnetic sector is identified
12,left-chiral doublets; A1 generators,form the noncommuting covariant derivative and curvature,weak field operator,the weak sector is identified
13,A2 generators; color tensor products; positive local gap,decompose meson and baryon carriers and compute the first excitation,0: 1+8; 1: 1+8+8+10; 2: positive gap,the strong sector is identified
14,symmetric metric; electromagnetic stress tensor,vary the nonlinear Einstein-Maxwell action,curvature equals matter stress,the gravity sector is identified
15,four operator signatures,"compare rank, commutator, chirality and source type",four pairwise distinct signatures,the assignment of the four forces is unique in the declared grammar
16,four sector actions; permutation symmetry; unit normalization,solve the coefficient equations,0: 1/4; 1: 1/4; 2: 1/4; 3: 1/4,one normalized parent action is fixed
17,four sector gradients,differentiate each sector and add the results,parent Euler-Lagrange gradient,the four field equations are projections of one parent equation
18,reflection-positive correlations,form the Gram matrix and quotient null vectors,positive physical Hilbert space,Euclidean data reconstruct physical states
19,positive transfer contraction,construct an exact orthogonal dilation,norm-preserving dilation,the transfer step embeds in reversible quantum evolution
20,Ginsparg-Wilson operator; positive native masses; anomaly sums,compute determinants and anomaly gates,positive anomaly-free determinant packet,the chiral matter measure has no displayed finite obstruction
21,SU3 Dynkin labels; quadratic Casimir,compute the representation contraction per plaquette,strict contraction for every nontrivial representation,each nontrivial color representation has positive area decay
22,single-plaquette contractions,multiply contractions over added plaquettes,exact area semigroup,Wilson ratios obey the declared area law
23,symmetric tensor modes; BRST gauge pairs,take BRST cohomology after transverse and trace constraints,2,only plus and cross graviton polarizations remain
24,parent action; interacting transfer; dimensionless ratio packet,hash all declared holdout ratios before comparison,immutable prediction digest,later numerical retuning is excluded
25,finite native scattering coefficients,construct two exact continuations with the same finite prefix,equal prefix and unequal tails,finite coefficients do not determine all-order amplitudes
26,tested finite-volume color gaps,construct a uniformly gapped extension and a gapless extension,equal tested prefix and different infinite-volume gap property,finite-volume tests do not determine the uniform continuum gap
27,finite local curvature jet,compare zero with a polynomial beginning at the next derivative order,equal finite jet and unequal global profile,finite local geometry leaves multiple admissible continuations for global quantum geometry
28,internal dimensionless ratios,apply two distinct external label maps preserving the same ratio multiset,identical internal algebra and different physical identification,the projection decoder requires a separate uniqueness theorem
29,sealed prediction packet,compare matching and nonmatching independent datasets while preserving the seal,one pass and one failure from the same internal packet,blind independent confirmation is logically external
30,declared native theorem,evaluate the complete sixty-four-row truth table and remove each obligation once,all six are jointly sufficient and each is necessary in the completion definition,the exact final completion architecture is fixed by the jointly sufficient and individually necessary obligations
31,primitive closure loads,take their greatest common divisor,the least positive closure unit,the recycle threshold is derived rather than inserted
32,all antecedent structural scales,sum the complete history and choose the least larger integer refinement factor,a variable strictly growing factor,the next scale uses the whole prior state rather than copying the preceding scale
33,one conserved total; integer refinement factor,split every parent into equal children and push child weights back to the parent,exact projective conservation at every pair of levels,support growth and total conservation coexist
34,threshold; incoming residue,perform quotient and remainder decomposition,closed nodes plus a strictly subthreshold remainder,recycling loses no residue and retains the excess to zero
35,one cumulative recycle carrier,"take signed, transition, color-locking, and area-flux projections",four distinct force readouts with one-quarter parent weights,the four-force split preserves the conserved total
36,all recursive levels,"derive interaction-order weights, uniform color gaps, projective geometry measures, and internal ratio spectra",four exact recursive-class extension theorems,four recursive-class extensions are proved on the generated recursive class
37,positive nonfactorizing transfer kernel,extend path weights by exact cylinder refinement,one normalized projective family,every finite cylinder amplitude has one recursively fixed value
38,projective cylinder family; transfer eigencharacters,evaluate every integer-time mode correlation,closed rational amplitude formulas,the continuum path functional and all discrete-time transfer amplitudes are fixed in the declared class
39,all nonnegative SU3 Dynkin labels,minimize the exact quadratic Casimir,minimum four-thirds at the fundamental and antifundamental representations,every nonvacuum finite-support direct-limit state has a uniform positive gap
40,finite-support color excitations,sum local Casimir energies,energy never below four-thirds,the gap survives the countable direct limit of the declared representation carrier
41,cumulative thresholds; charge-color-chirality signatures,select the first three nontrivial scales and normalize by the first,a scale-covariant generation hierarchy,the ratio decoder contains all ratios arise from the generated hierarchy
42,primitive integer pairs,form and multiply three rational Givens rotations,an orthogonal determinant-one noncommuting mixing matrix,mixing is generated internally in a fixed structural order
43,Pachner-invariant topology amplitude; recursive node measure,multiply and push child weights to every parent,topology-labeled projective conservation,triangulation moves and refinement preserve the declared measure
44,projective topology measure; nonlinear Einstein-Maxwell sector; graviton BRST cohomology,"combine topology, nonlinear geometry, and physical propagation gates",one recursive PL quantum-geometry theorem,the geometry sector is dynamically stronger on the generated recursive PL class
45,recursive cylinder moments; positive transfer eigenvalues,construct the exact rational resolvent,three positive poles and residues,moments and pole data determine one another in the declared class
46,pole data; rational Cayley scattering,verify residue positivity and exact unitarity,one spectral scattering packet,the finite spectral LSZ bridge is closed on the generated finite spectral class
47,SU3 Casimir spectrum; square-summable coefficients,subtract four-thirds times the norm,a nonnegative coefficient sum,the gap extends to the declared Hilbert completion
48,structural family signatures; ordered thresholds,enumerate all label permutations,only the identity preserves every signature and order,the internal decoder is unique before physical naming
49,dimensionless ratios; mixing matrix; force ratios,serialize and hash the complete packet,one immutable prediction digest,later comparison leaves unchanged the prediction
50,smooth polynomial Lorentzian coframe,refine by rational PL partitions,preserved Lorentzian signature and decreasing volume error,the declared smooth and PL descriptions are cofinally connected
51,Pachner-projective topology measure; cofinal Lorentzian refinements,combine topology and refinement gates,one declared smoothable PL geometry class,the gravity bridge is stronger on the generated smoothable PL class
52,sealed packet,reconstruct in an independent key order,the same digest,the reproduction protocol is deterministic
53,sealed packet; hidden independent comparison key,require a separate signed result,the comparison result is determined by independent signed fields,blind success remains an independent verification event
54,six frontier rows,separate exact bridges from unrestricted completions,six exact internal gates and zero fabricated external completions,the final scope is explicit and noncircular
55,positive interacting transfer; variable cumulative block sizes,diagonalize by exact character projectors and coarse-grain every block,a scale-consistent positive nonfactorizing transfer semigroup,the declared interacting transfer is stable under the full recursive scale law
56,one-particle rational scattering,form tensor powers and apply the tensor-product norm identity,unitary finite-particle carriers,norm preservation extends to every finite particle number in the declared carrier
57,separated incoming and outgoing labels,evaluate tensor-product matrix entries,exact product amplitudes,cluster factorization is explicit rather than assumed
58,unique meson and baryon singlets; adjoint glue carrier,assign additive Casimir energy to every finite gauge-invariant network,a minimal nonvacuum network gap of eight-thirds,the declared gauge-invariant network completion is uniformly gapped
59,recursive generation thresholds; native shell capacities,form complete-graph shell spectra,one unique generation-shell fingerprint for every internal state,the no-fit internal decoder gains an exact bound-state spectral layer
60,dimensionless spectral packet,serialize independently in two key orders,one identical digest,the enlarged ratio packet is immutable before independent comparison
61,nonlinear Einstein-Maxwell family; recursive scale sequence,scale mass charge and radius together,invariant lapse and dimensionless ratios with inverse-area density,nonlinear geometry grows without duplicating the integrated burden
62,five independently proved roots; external completion boundary,place every new theorem after the preceding completed chapter and before the integration chapter,one acyclic dependency extension,the proof advances without recomputing or circularly assuming a new theorem inside itself
63,rational one-particle scattering; controlled local coupling,compose local rotations and reversible couplings for arbitrary finite particle number,one exact interacting Fock circuit,unitarity and genuine interaction coexist
64,disconnected particle clusters,remove every coupling edge crossing the partition,tensor-product cluster evolution,cluster factorization follows from the graph rather than being assumed
65,meson color singlet endpoints; SU3 Casimir gap,add positive nearest-neighbor flux gradients,a coercive flux-tube quadratic form,the direct-limit color carrier has a uniform gauge-invariant lower bound
66,generation thresholds; native shell spectra,form the complete dimensionless ratio graph,one scale-invariant state fingerprint,the internal decoder is unique in its declared structural class
67,nonlinear scale-covariant geometry; rational Lorentz boost,propagate the null Hamiltonian constraint through every scale,constraint-preserving Lorentzian recursion,the growing geometry remains dynamically admissible
68,recursive thresholds; inverse node weights,sum every child weight and every force-sector projection,one conserved parent total at every depth,fractal support growth preserves physical quantity
69,growing area; inverse-area density,multiply support by local density,constant integrated burden,gravity growth and total conservation are compatible
70,five exact native roots; six unrestricted obligations,separate internal theorem truth from external equivalence,five exact bridges and zero fabricated external completions,the conclusion remains noncircular and falsifiable
71,recursive scales; crossing-symmetric skew generators,apply the rational Cayley transform,one crossing-symmetric optical scattering family,finite-scale interaction and reversible reconstruction coexist
72,SU3 center triality; finite simple graph,apply divergence-free support and cycle containment,one graph-size-independent center-flux gap,gauge-invariant center flux cannot approach zero energy by graph growth
73,twelve internal states; all remaining-state ratios,withhold one row and match every dimensionless relation,one uniquely recovered hidden state,the prediction packet is internally leave-one-out falsifiable
74,binary cylinder refinement; plus-cross physical basis,push measures and conditional means through every refinement,one normalized projective two-polarization field,continuum field consistency follows without duplicating total measure
75,interacting transfer spectrum; cumulative block exponents,compare each blocked kernel with the vacuum projector,one strictly convergent fixed-point hierarchy,the continuum limit is unique in the declared transfer class
76,five exact frontier roots; six unrestricted obligations,separate mathematical strengthening from empirical completion,five exact bridges and zero fabricated external claims,the final statement remains independently testable
77,latent four-component carrier; four primitive readout signs,construct the complete Hadamard projection frame,four orthogonal force readouts and an exact inverse,all four forces together recover information that every proper subset loses
78,intrinsic motion; observer-frame motion,form the relative transfer before projection,one observable transfer distinct from both underlying motions,observable dynamics is not automatically intrinsic dynamics
79,projected trajectory; two moving factors,split each observable increment exactly,intrinsic and observer contributions,a changing readout can arise from either source or both
80,one force scalar; a hidden orthogonal direction,hold the scalar readout fixed while changing the carrier,different latent quadratic invariants,one force requires the complete native state to determine mass or inertia
81,four force readouts; observer calibration,invert the complete frame and frame motion,"latent state, mass, and weighted inertia",the complete force system reconstructs declared latent invariants
82,latent transfer and positive operator; normalized force frame,apply exact orthogonal similarity,observable unitary and positive operators with identical spectrum,observable equations are derived projections rather than inserted targets
83,four independent projected basis evolutions; known observer law,assemble and invert the complete evolution matrix,relative and intrinsic operators,the fundamental dynamics is uniquely reconstructed after observer calibration
84,one projected trajectory; an operator perturbation annihilating that input,compare two compatible transfers,the same trajectory from different operators,complete tomography is necessary for uniqueness
85,five exact projection-origin roots; the existing parent proof chain,order every dependency before its consequence,one bidirectional latent-to-observable theorem,the standard observable layer is an output of the native layer within the declared class
86,exact native projection equivalence; unrestricted empirical obligations,separate proven structural equivalence from external identification,one sealed comparison interface,no external physical identity is fabricated
87,four independent force readouts; primitive two-bit relations,derive the complete character frame,a minimal four-dimensional latent carrier,the latent dimension is selected before any standard force equation
88,native positive anchor; ordered primitive levels,solve the sign-fixed ordered eigentetrad,one observer frame with the native positive anchor,the observer law is part of the native construction
89,complete force scalars; compact carrier algebra,"form orthogonal sector projectors of ranks one, three, eight, and five",one parent carrier with four exact force sectors,the force dictionary is generated structurally
90,native state; native positive mass operator,"compute mass, gradient, and source before projection",latent physical invariants independent of the observable shadow,mass is not inferred from one shadow shape
91,complete force frame; latent mass and source,project and invert every invariant,exact observable reconstruction with no information loss,all four views recover what every proper subset loses
92,intrinsic motion; internally generated observer frame,form relative motion and observable transfer,the force-layer dynamics as a derived projection,observable dynamics is not mistaken for intrinsic dynamics
93,latent action; observable action,compare values and Euler gradients,exact action equivalence under the complete projection,standard-layer equations are outputs rather than fitting targets
94,observable transfer; native observer law,invert the force projection and restore the observer motion,the intrinsic transfer,the origin dynamics is recoverable in the declared class
95,five origin-projection roots; the preceding complete proof chain,order every dependency before its consequence,one origin-to-shadow-to-origin theorem,no derivation jump is used
96,exact native reconstruction; independent physical obligations,separate structural proof from nature identification,one sealed comparison interface,future measurements and continuum completion conditions are retained as independently decidable
97,complete latent character frame; rational scale parameter,build orthogonal spectral projectors and compose their kernels,one exact multiplicative origin semigroup,the observable scale law is generated from the latent frame
98,origin scale kernel; complete force projection,transport the kernel to the shadow basis and invert it,four exact scale eigenchannels,shadow dynamics remains a derived image
99,native poles; native positive residues,derive the characteristic recurrence,all integer-order amplitudes,higher orders are not individually fitted
100,first four moments; invertible Vandermonde map,recover every residue exactly,unique amplitude tomography,the all-order packet is identifiable in the declared class
101,native anchor; primitive level operator,minimize the apparatus coupling action,one ordered sign-fixed observer frame,the observer axis is generated rather than freely calibrated
102,latent mass levels; observer mixing; sector dimensions,seal a ratio-only packet,one immutable independent comparison target,generation uses only native ratios
103,strong-SU3 dictionary; native center gap,embed color states through the strong projector,exact gap-energy preservation,the strong shadow inherits the declared native gap
104,polynomial Lorentzian coframe; rational affine atlas,compose exact pullbacks,smooth-class coordinate covariance,coordinate change is separated from intrinsic geometry
105,cofinal PL refinement; Lorentzian constraint; two polarization field,join the three limits,one declared smoothable quantum-geometry class,no unrestricted DiffM claim is substituted
106,six generated closure dependencies; physical carrier dictionary,order every dependency,one origin-shadow reality frontier theorem,the force sectors follow their generated carrier dimensions
107,internal mathematical prerequisites,count exact completions,six of six internal frontier gates,more than half of the named frontier is strengthened directly
108,unrestricted continuum and independent verification events,keep independent obligations explicit,one independent-comparison condition,open problems and future measurements are not converted into Boolean success
109,native anchor; mass operator; complete force frame,test every signed-permutation competitor,one invariant-preserving latent frame,the declared origin is identifiable within the complete discrete competitor class
110,four native poles; positive native residues,derive one characteristic identity,all integer-order source moments,no order is fitted separately
111,latent vertex; native pole propagators,"attach, project, and amputate exactly",one recovered interaction vertex,observable pole factors do not replace the origin interaction
112,positive transfer spectrum; complete force frame,form all reflected quadratic forms,nonnegative reconstruction carrier,the declared Euclidean transfer has a positive Hilbert interpretation
113,SU3 center loop; weighted edge subdivision,refine and push forward every parent edge,one scale-independent positive loop gap,the declared color gap survives projective refinement
114,nonlinear Lorentzian background; two projective polarizations,transport the exact action through affine charts and depth,one rational inverse-limit action,coordinate shadows remain separated from intrinsic action
115,sealed ratio packet; required independent fields,construct a fail-closed verifier,one immutable replication certificate,internal execution requires independent verification for external success
116,seven exact roots; correct physical force-carrier order,place every premise before its consequence,one origin-reality continuum theorem,the strengthened internal bridges are combined without renaming independent verification events as proofs
117,internal mathematical frontier,count direct completions,seven completed exact bridges,the named mathematical frontier is established in one standalone dependency-ordered proof
118,unrestricted physics and independent events,retain their distinct completion conditions,one explicit independent-comparison condition,physical identification and public open problems remain externally decidable
119,one ordered time depth; binary split count,count each new nonidentity temporal residual,"cumulative levels 1,2,5,12",the native level ledger is generated before force observation
120,binary depths,take reciprocal branch scales and normalize cumulative levels,four temporal poles and positive residues,the amplitude seed comes from time refinement rather than observable fitting
121,one scalar moment stream,form successive Hankel matrices,"ranks 1,2,3,4,4",four is the exact minimal latent dimension of the declared temporal stream
122,four consecutive times,apply residual orders zero through three,one invertible residual coordinate system,dimension coordinates arise from temporal differences
123,one characteristic recurrence,form its companion map,unique causal four-delay evolution,one stationary and three contracting modes select forward time
124,temporal residual coordinates; complete character frame,project and invert exactly,"gravity, electromagnetic, weak, and strong readouts",all four forces are complete shadows of one temporal history
125,temporal Hankel form,test every leading principal minor,one positive mass operator,mass is defined before the force shadows
126,one primary time value; three generated residual orders,assign the causal Lorentzian sign and transform it,one force-coordinate Lorentzian form,time and generated dimensions remain distinct under observation
127,companion target; positive temporal mass form,minimize the exact quadratic step action,one unique temporal evolution,dynamics follows from the origin action rather than a fitted shadow law
128,temporal-to-force transform,transport the action by exact congruence,one equivalent force action,the observed dynamics is generated from the fundamental dynamics
129,seven exact temporal roots; all preceding origin proofs,"place time before residuals, dimensions, forces, mass, and action",one time-residual-dimension-force theorem,the complete internal chain has no standard-equation input
130,unrestricted physics and independent events,retain their separate decision conditions,one explicit independent-comparison condition,the new origin theorem preserves independent verification of empirical or public completion
131,two primitive polarity projectors,form their complete occupancy lattice,"empty zero, negative, positive, and full zero",zero in the shadow has two distinct origin preimages
132,nonnegative polarity counts,separate signed residue from closed pairs,T=ABS(R)+2C and exact recovery,balanced content is conserved rather than deleted
133,four primitive states,take the complete character table,one orthogonal four-readout frame,the force frame is the Fourier frame of the origin occupancy group
134,all numeral bases and all state names,change representation while preserving matrices and incidence,one radix-independent invariant structure,numbers label results but do not generate them
135,four primitive modes,remove self-relations and form every directed difference,twelve relation roots in a three-dimensional sum-zero space,three relative directions arise after one common mode is removed
136,twelve relation roots,compute exact supporting facets,"twelve vertices, twenty-four edges, eight triangles, six squares",the JS shell follows from relation incidence rather than a preselected solid
137,oriented edges and faces,form both boundary matrices,"boundary of boundary zero and Betti numbers 1,0,1",the generated shell is an exact closed sphere carrier
138,JS adjacency,form its exact graph Laplacian,"spectrum 0,2,4,6 with positive gap two",the local carrier has a scale-free positive discrete gap
139,empty/full zero distinction; signed residue; closed pairs,"construct total, sign, zero-type, and lock readouts",one invertible physical force frame,"gravity, electromagnetic, weak, and strong channels arise from one ledger"
140,twelve latent relation roots,transport them through the physical force frame and its induced metric,twelve unique force-transition vectors with preserved incidence,the JS geometry survives observation without loss
141,one temporal companion; residual coordinates; double-zero force frame,conjugate the origin dynamics exactly,one force companion and exact inverse recovery,the observed dynamics is generated from the temporal origin dynamics
142,triangular and square relation cycles,sum every directed transition around each closure,zero latent and force boundary,local cycle closure is compatible with the four-force observation
143,seven exact roots; all preceding temporal proofs,order every premise before geometry and forces,one time-double-zero-relation-cell-force theorem,the internal chain contains no numeral-base or standard-equation premise
144,unrestricted physics and independent events,retain their separate completion conditions,one explicit independent-comparison condition,the new root-cell theorem preserves independent verification of empirical or public completion
145,"negative, closure, positive slots",enumerate the complete Boolean state cube,eight internal states,"the signed shadow has two negative, four zero, and two positive preimages"
146,six single-polarity states,retain simultaneous negative-positive occupancy,two additional balanced-zero states,the earlier six-state sector is a proper subspace rather than the full origin algebra
147,signed residue; pair depth; closure phase,form a complete invariant key,exact recovery of all three slots,the closure phase cannot be compressed into pair depth without losing particle-wave information
148,arbitrary polarity counts,separate residue and closed-pair depth,T=ABS(R)+2C,balanced content is conserved while the closure phase remains an independent dynamical variable
149,four zero preimages,"classify empty, closure-only, open balanced, and closed balanced states",one zero fibre with four internal origins,zero is not a unique physical state
150,open balanced pair,retain symmetric and antisymmetric channel projectors,two orthogonal propagation modes,the open zero supports interference without net signed residue
151,closed balanced pair,apply the symmetric closure projector,one quotient mode,closure produces a localized particle-like manifestation from the same balanced carrier
152,detected and complementary branches,retain both orthogonal outputs,exact reconstruction and quadratic conservation,localized detection retains both complementary branches under exact reconstruction
153,carrier burden; signed residue; closure phase; pair lock,form four physical readouts,complete eight-state tomography,"gravity, electromagnetic, weak, and strong channels distinguish states hidden by the signed shadow"
154,open and closed states with equal polarity content,toggle only the closure slot,unchanged burden and charge with exchanged wave-particle readout,particle-wave manifestation is a closure transition rather than two unrelated objects
155,four primitive polarity states,construct all directed nonself relations in the open layer,one twelve-seat JS shell,the original relation-root geometry remains intact
156,the same four polarity states,lift them into the closed layer,a second isomorphic JS shell,closure adds a vertical state direction without changing horizontal root incidence
157,one temporal ordering step,apply the closure involution,open-closed-open period two,time orders the manifestation change while preserving the latent carrier
158,balanced open zero 101,advance one closure step,balanced closed zero 111,the two missing zero states supply the exact wave-capable and particle-capable pair
159,seven exact roots; all preceding time and JS proofs,order every dependency from origin to observation,one three-slot particle-wave four-force theorem,the new layer extends rather than replaces the established primitive shell
160,actual photon experiments and unrestricted field theory,retain independent physical equivalence conditions,one explicit independent-comparison condition,the internal mechanism is is presented as the generated internal quantum-electrodynamic mechanism
161,open balanced zero; primitive time direction,select rational null propagation vectors,one exact massless mode class,the carrier propagates from the generated massless carrier
162,null momentum; open two-channel carrier,construct two orthogonal transverse polarization vectors,two physical propagation modes,longitudinal directions are excluded by the internal transversality constraint
163,potential polarization; null momentum,form the antisymmetric field tensor,vacuum divergence and cyclic identity,Maxwell-form equations follow from one potential relation
164,longitudinal gauge direction,shift the potential by a multiple of momentum,unchanged field tensor,the observable field is independent of the latent gauge representative
165,two transverse real modes,apply the exact quarter-turn complex structure,two opposite helicity sectors,polarization handedness is generated from the exact quarter-turn complex structure
166,orthogonal detection branches; conserved quadratic burden,normalize additive branch shares,Born-form probabilities,probability is the unique rational additive share of the conserved quadratic quantity in the declared class
167,one rational unit phase,iterate exact complex multiplication,twelve predeclared screen phases,screen positions are generated before any external detection data are read
168,two open paths; quadratic branch law,combine amplitudes before closure detection,exact interference probability ratios,wave readout and localized detection are two stages of one carrier process
169,unequal path burdens,separate visibility and distinguishability,V squared plus D squared equals one,path knowledge and interference contrast are complementary readouts of the same conserved burden
170,transverse projector; conserved currents,add arbitrary longitudinal propagator terms,unchanged amplitudes,the finite abelian interaction obeys an exact Ward identity
171,one transverse self-energy ratio,sum every perturbative order,closed Dyson resummation,all orders of the declared finite class are generated by one recurrence rather than separately adjusted
172,eight internal states,"impose neutral, nonempty, balanced, open, and two-mode conditions",unique state 101,the photon candidate is selected by derived properties rather than by its name
173,the same balanced carrier,apply the closure projector,unique state 111,localized particle manifestation is the closed counterpart of the open wave carrier
174,"Maxwell, helicity, Born, interference, Ward-Dyson ratios",assemble one immutable packet,one sealed candidate prediction hash,future data leaves unchanged the internal ratios
175,independent implementation and experiment fields,require signed hashes and comparison results,fail-closed external verdict,the author requires independent verification for independent independent confirmation inside the proof file
176,"seven exact photon-candidate roots; all preceding time, JS, and four-force roots",order every dependency from origin to observation,one internal photon-Maxwell-Born-QED theorem,the new field layer extends the three-slot carrier without replacing earlier proofs
177,actual continuum QED loop integrals,separate them from the finite Ward-Dyson class,one unrestricted boundary,finite all-order algebra is not mislabeled as the full renormalized standard theory
178,actual photon experiments and independent replication,retain external signed conditions,zero internal substitutions for independent verification events,scientific identity remains independently testable
179,open balanced carrier; rational unit-circle relation,promote the global phase relation to independent vertex frames,local rational phase group,local phase freedom is generated before any measured electromagnetic potential is introduced
180,local vertex frames; oriented edges,define connection transport and covariant edge differences,exact local gauge covariance,matter transport and gauge transport are one relation
181,connection links; oriented square faces,multiply links around every face,gauge-covariant holonomy,curvature is the closed residual of local phase transport
182,complete four-dimensional cubical carrier,construct all cells and incidence matrices,boundary of boundary equals zero,the discrete exterior derivative is generated from orientation alone
183,edge potential,apply the first coboundary,face curvature,the electromagnetic field is generated as a connection residual
184,face curvature,apply the next coboundary,Bianchi identity,the homogeneous Maxwell equation follows from boundary nilpotence
185,quadratic curvature action; conserved source,vary every edge potential,inhomogeneous Maxwell equation,the source equation follows from one parent action with coefficients fixed by the parent construction
186,integer seed pair,form the Pythagorean null polynomial,formal massless momentum identity,null propagation is proved for the complete generated seed family
187,null momentum,quotient the orthogonal complement by the longitudinal direction,two physical polarization directions,spin-one mode count is a rank theorem rather than a name assignment
188,normalized additive branch measure; permutation symmetry,split the unit into equal rational atoms,weight m divided by n,Born weights are forced on the rational branch algebra
189,rational unit phase; two open paths,form complementary sum and difference ports,exact bright and dark probabilities,two-path ratios are generated for the entire rational phase family
190,two helicity modes,take symmetric occupation powers,bosonic two-mode Fock sectors,multi-photon state counts and commutators follow from symmetric occupation
191,local gauge shift; curvature polynomial,apply arbitrary generated polynomial degree,all polynomial orders gauge invariant,Ward invariance is not confined to one quadratic term
192,constant affine curvature,refine the four-dimensional cubical carrier,exact refinement-independent action,the affine Maxwell continuum value is reproduced at every finite scale
193,eight exact field roots; all antecedent time and double-zero roots,order every dependency from primitive time to local field observation,one photon-QED-continuum completion theorem,the field layer is dependency-complete and self-contained
194,actual renormalized continuum QED,separate it from the exact generated classes,one unrestricted boundary,formal and finite all-order identities are not mislabeled as measured full QED
195,actual photon data and independent reproduction,retain signed external conditions,independent validation is evaluated by the sealed comparison interface,no internal calculation substitutes for an independent event
196,all generated ratios,compare only dimensionless relations,no absolute standard value enters the proof,the reality bridge remains ratio-first and nonfitted
197,rational polynomial potential family,differentiate each potential component,antisymmetric polynomial curvature,the field is generated before any measured continuum solution is supplied
198,polynomial curvature,apply the exterior derivative twice,coefficientwise Bianchi identity,nilpotence persists beyond the affine sector
199,polynomial curvature,take the divergence and then its divergence,conserved polynomial source,source conservation follows from antisymmetry and commuting derivatives
200,polynomial action density,integrate every monomial over the unit four-cube,exact continuum action,no numerical quadrature or fitted value is used
201,continuum polynomial action,partition the four-cube into every generated uniform refinement,exact partition equality,the polynomial continuum value is reproduced by exact cell integration
202,finite two-helicity sectors,embed every cutoff sector into the next,algebraic Fock direct limit,every finite-particle state has a consistent common carrier
203,nested regulator-polynomial amplitudes,apply recursive divergent projection and counterterm convolution,finite renormalized coefficients,subtraction is exact and idempotent in the declared formal class
204,renormalized coefficients; transverse projector,multiply every generated order by the projector,all-order Ward transversality,renormalization preserves transverse Ward structure
205,rational unit-circle transport,read it as a two-channel scattering matrix,exact norm conservation,unitarity is an orthogonality theorem
206,channel swap; scattering matrix,conjugate by the swap,crossing reversal,reversing the channel order produces the transposed process
207,all generated dimensionless ratios,seal one deterministic packet,ratio-only prediction certificate,absolute standard values remain outside generation
208,independent identity and signed result,require every independent verification field,fail-closed replication gate,the generating code requires independent certification of external success
209,seven generated closure dependencies; all antecedent field roots,order every dependency from time to renormalized polynomial field,one continuum-QED boundary completion theorem,the proof remains one self-contained file
210,unrestricted interacting continuum QED,separate it from the declared exact classes,one unrestricted field boundary,polynomial and formal completion is not mislabeled as the measured full theory
211,actual blind photon experiment,retain the signed external requirement,the independent comparison field remains available,no mathematical recomputation substitutes for laboratory data
212,third-party implementation,retain independent source and output digests,replication boundary remains open,independence is represented by a separately signed relation
213,four primitive occupancy states,separate one common mode from the relative quotient,ranks one and three,electromagnetic and weak carrier dimensions are generated rather than named
214,two-slot traceless operators,count one diagonal and two directed off-diagonal modes,three weak generators,the weak carrier is the complete traceless two-slot operator space
215,three-slot traceless operators,combine six directed off-diagonal transitions with two diagonal residuals,eight color generators,the color carrier dimension follows from the complete three-slot relation algebra
216,three-dimensional relative quotient,form symmetric bilinears and remove the trace,five spin-two modes,gravity is the symmetric traceless deformation carrier of generated relative space
217,rational anti-Hermitian bases,compute every commutator,closed weak and color algebras,no continuum structure constant is imported
218,all generator triples,evaluate cyclic nested commutators,Jacobi identity,nonabelian Bianchi closure is exact
219,four carrier bases,embed them orthogonally,one seventeen-component parent,the parent dimension is the sum of generated sector ranks
220,parent edge potential,apply the cubical exterior derivative,one parent curvature and action,all four sector actions are projections of one local field
221,orthogonal sector projectors,test fields supported in one sector,unit sector coefficients,normalization leaves no free relative action weight
222,parent curvature,vary the source-coupled action,one Euler equation,the four sector equations sum exactly to the parent equation
223,local weak and color connections,form face commutators,nonabelian interaction energy,interaction is generated inside the parent carrier
224,compact conjugations,transform connections and curvatures,action invariance,local nonabelian readouts are representation independent
225,"gravity, electromagnetic, weak, and strong identities",assemble them as a direct sum,one parent constraint,all sector constraints vanish in the common carrier
226,seventeen polynomial components,integrate every monomial exactly,one continuum parent action,no numerical quadrature or measured field is used
227,uniform four-cube partitions,sum exact cell integrals,refinement-independent sector and parent actions,projection commutes with continuum refinement
228,carrier and action ratios,normalize by their internally generated totals,dimensionless unified packet,absolute standard values are not imported
229,dimensionless packet,hash before comparison,immutable seal,later fitting leaves unchanged the generated prediction
230,independent identity and signed result,require all independent verification fields,sealed independent-comparison condition,the generating program requires independent certification of laboratory success
231,eight double-zero microstates; two orientations,form the complete oriented carrier,sixteen matter states,matter multiplicity is generated before field names are attached
232,generated color rank three; generated weak rank two,form all minimal module products and directed closure branches,dimensions six three three two one one,one minimal generation carrier closes without a remainder
233,primitive charge unit; Yukawa closure; neutral closed singlet,solve every integer candidate,one ratio ledger up to orientation,no measured electric charge is imported
234,one ratio ledger,evaluate color weak gravitational cubic and global anomalies,all anomalies vanish,the chiral matter carrier is internally consistent
235,four primitive time poles,separate the unique unit vacuum,three nonvacuum poles,the generation count follows from the primitive time spectrum
236,three distinct poles,construct Lagrange spectral projectors,three orthogonal generation sectors,no fourth nonvacuum projector exists in the declared spectrum
237,primitive Pythagorean pairs,compose exact complex plane rotations,unitary mixing matrices,angles are not imported as decimal measurements
238,unitary entries,form orientation-sensitive quartic products,nonzero rational CP invariants,mixing contains an intrinsic directed phase
239,generated multiplets and charges,sum representation indices,three exact one-loop coefficients,scale splitting follows from matter content rather than separate fitting
240,inverse parent coupling; representation coefficient,iterate affine rational steps,exact discrete scale flow,no logarithm is required inside the declared scale ledger
241,three generation carriers; seventeen parent components,assemble all source ledgers,one parent matter source,all non-gravitational total charges cancel
242,four closure channels,sum their charge ratios,zero Yukawa residuals,matter transitions preserve the generated gauge ledger
243,dimension charge generation mixing and flow ratios,seal one deterministic packet,immutable matter certificate,later observation leaves unchanged generation
244,independent identity source output measurement and signature,require every field,sealed independent-comparison condition,the generating code requires independent certification of experiment
245,seven parent-field closure dependencies; all antecedent parent-field roots,order every premise before its consequence,one origin matter-field theorem,the source follows one dependency-ordered proof
246,declared minimal module class,state its exact boundary,conditional origin uniqueness,unrestricted classification of every possible finite relation algebra remains separate
247,generated ratio packet,separate internal generation from observed identity,one sealed comparison interface,the packet is generated entirely from native ratios
248,independent laboratory and third-party events,retain signed independent completion conditions,independent-comparison condition,mathematics uses independent signed experimental records
249,one ordered scalar time chain; crossing-symmetric skew generators; complete force frame,take first and second residuals,outer and inner ternary signs,both sign levels arise from time rather than from generation labels
250,outer sign; inner sign; empty full occupancy,take the direct product,eighteen relation seats,A B C are fixed as inner negative zero positive
251,three inner binary slots; SU3 Casimir gap; neutral closed singlet,enumerate occupancy,eight latent inner patterns,the latent pattern count is not twenty-four
252,eight patterns; three outer readouts,retain the current outer residual,twenty-four labelled local states,labels preserve dynamical context without creating generations
253,three outer rows; three inner slots; force ratios,allow simultaneous occupancy,five hundred twelve global arrays,the full ledger and the local readout are separate levels
254,current outer residual; full positive and full negative slots; sector dimensions,add the signed inner residual and take its sign,one deterministic next outer readout,the final statement remains independently testable
255,all twenty-four local states; inverse-area density,evaluate the update,eight negative eight zero eight positive outputs,the readout law is exactly balanced
256,uniform local transition ratios; correct physical force-carrier order,diagonalize in the ternary character basis,eigenvalues one three quarters one quarter,common sign and curvature modes are separated
257,balanced inner pattern one zero one; Lorentzian constraint; two polarization field; pair lock,apply it to each current outer residual,negative zero positive persistence,the same inner pattern can have different outer readouts without contradiction
258,all five hundred twelve arrays; physical carrier dictionary,update all three outer rows,twelve transition signatures,the twelve-cell structure is generated by dynamics
259,sign reversal; negative-positive exchange; zero empty-full complement,form one involution,twelve duality orbits,the local and global twelve counts agree independently
260,sign-preserving signature,count its preimages,one hundred forty-four arrays,the paired twelve-seat board is generated as twelve squared
261,all-zero closed signature; all preceding field roots,count its preimages,sixteen arrays,one complete carrier multiplicity emerges from the same ledger
262,ternary orthogonal polynomials; empty-full parity,form eighteen product characters,one orthogonal basis,no hand-selected coordinate vectors are required
263,even degree zero; all preceding time and double-zero roots,select the common character,one common matter scalar,the source mode is separated before the force residual
264,"even nonconstant characters; all preceding time, JS, and four-force roots",take the full sector,eight strong coordinates,the octet is the complete even residual sector
265,odd degree zero,take the uniform fill contrast,one electromagnetic coordinate,signed endpoint contrast is one-dimensional
266,odd degree two,take the quadratic relational grade,three weak coordinates,the triplet is a complete grade rather than a fitted count
267,,take the orthogonal complement,five gravity coordinates,the four force dimensions exhaust the seventeen residual modes
268,sixteen closed arrays; existing sixteen-state chiral carrier,construct an exact cardinality bijection,one carrier realization,observed particle names are not inserted
269,three nonvacuum time poles,construct spectral projectors,three generations,generation is derived from time and not from outer negative zero positive
270,sixteen carrier states; three time projectors,take the product,forty-eight latent matter states,outer readout labels do not multiply the physical state count
271,outer readout operator; generation transfer operator,place them on separate tensor factors,zero commutator,readout and generation are mathematically distinct
272,one common source; seventeen force projectors,project the forty-eight-state burden,common source with zero force projection,matter burden and internal force residuals close consistently
273,five one three eight projectors,sum them with the common projector,eighteen-dimensional identity,the parent action has no missing coordinate
274,counts ratios projectors and transitions,seal one deterministic packet,one immutable certificate,later observations leaves unchanged generation
275,independent source output measurement and signature,require every independent verification field,sealed independent-comparison condition,the proof preserves independent verification of laboratory completion
276,seven nested-residual roots; all preceding matter and force roots,order every premise before its consequence,one standalone nested residual theorem,the file remains one continuous proof
277,negative zero positive; empty full,define the primitive relation alphabet,structured zero states,zero is not reduced to one scalar label
278,balanced occupied zero,apply one signed residual displacement,selected direction,a microscopic asymmetry chooses a branch
279,selected branch; conserved total occupancy,iterate the monotone transfer,finite one-sided saturation,the initial minority count is the exact saturation time
280,saturated sign,subtract its common background,relative zero,one-sided totality is zero only within the rebased internal frame
281,relative zero; same eighteen-seat alphabet,repeat the local relation rule,eighteen-to-the-depth self-similarity,recursive rebasing supplies the combinatorial fractal origin
282,ordered scalar chain,take first and second residuals,outer and inner signs,time residuals generate the three-by-three-by-two seats
283,three outer signs; three inner signs; two occupations,form the tensor product,eighteen relation seats,A B C are inner negative zero positive sectors and not generations
284,one outer row,enumerate its three binary slots,eight inner patterns,the old eight-state algebra is one row of the larger tensor
285,outer context; eight patterns,retain the generated readout label,twenty-four local states,native pattern and outer readout remain distinct
286,three simultaneous outer rows,enumerate nine binary slots,five hundred twelve global ledgers,global coexistence is distinct from one selected readout
287,inner signed occupancy; current outer residual,apply the deterministic update,next outer sign,outer sign is computed and not assigned
288,five hundred twelve ledgers,quotient by the three-row transition signature,twelve signatures,the JS transition carrier is generated by the residual dynamics
289,sign-preserving signature,count its preimages,one hundred forty-four stable boards,the twelve-by-twelve board arises from one dynamics
290,all-zero closing signature,count its preimages,sixteen closed carriers,the matter carrier count is a closure multiplicity
291,ternary characters; empty-full parity,construct the orthogonal basis,one plus five plus one plus three plus eight,matter source and four force sectors partition the eighteen-seat space
292,force sectors,remove the common source mode,seventeen force coordinates,one parent residual space carries all four forces
293,sixteen closed carriers; three temporal projectors,take the tensor product,forty-eight latent matter states,generation is independent of outer sign readout
294,native state space,do not choose a fundamental shape,shape-independent latent carrier,a cone remains only one projection illustration
295,native state; single projection,compute the readout and kernel,many-to-one shadow,one readout requires the complete carrier to reconstruct depth density or the full carrier
296,native increment; projection increment,apply the discrete product rule,native projection and interaction terms,readout change has three causal contributions
297,equal readout increments,construct distinct native-only and projection-only causes,explicit causal collision,readout dynamics alone requires the complete native state to determine native dynamics
298,complete four-channel frame,invert the projection matrix,finite parent reconstruction,complementary readouts can recover the declared parent when the map is known
299,single force channel,compute rank and nullity,three hidden native directions,one force equation is information-incomplete
300,native transfer; time-dependent projection,compose both dynamics,four effective force readouts,force channels are projections of one parent and not four native objects
301,native scale family; complete projection,form projected ratios,scale-invariant effective packet,ratios arise only after projection
302,native coordinates; measured effective quantities,enforce the decoder firewall,no direct equality,native residual depth sign and parent coordinates are not measured values
303,projected ratio packet,seal before independent comparison,forward blind boundary,comparison never selects the native proof
304,parent action; matter source,vary one closed system,four equations and matter dynamics,all sectors belong to one variational parent
305,open balanced zero sector,take the abelian exterior derivative,Maxwell-type effective equations,electromagnetism is generated after the native-to-readout map
306,left-supported odd sector,construct noncommuting generators,weak effective dynamics,weak interaction is a projected chiral sector
307,eight-dimensional even residual sector,construct compact nonabelian generators,strong effective dynamics,strong interaction is a projected closed sector
308,five-dimensional closure sector,construct coframe and curvature action,gravity effective dynamics,gravity is a projected total closure sector
309,finite exact actions,take compatible refinements,projective continuum families,continuum claims retain their declared scope
310,positive transfer kernels,complete the Hilbert reconstruction,unitary finite and projective dynamics,quantum claims retain explicit positivity gates
311,dimensionless projected observables,form ratios before any projection decoder,sealed comparison packet,absolute measured scales are not inserted into the native theory
312,all proof roots,partition by causal dependence,one chronological execution course,new theorems are inserted at their causal position
313,all narrative roots,place each once after prerequisites,one readable explanatory course,proof output forms one mathematical exposition
314,source uniqueness; root uniqueness; all theorem gates,conjoin every result,one standalone four-force proof program,the single source contains every dependency and recomputes every result
315,native layer; projection layer; effective layer,preserve all three domains,noncircular bridge,no layer is silently identified with another
316,recursive native layers,treat one layer readout as a higher-layer effective summary,hierarchical projection chain,fractal recursion and projection hierarchy remain compatible
317,cone example,retain only as a finite illustration,disk and triangle readouts,the example never fixes the fundamental native form
318,one readout family,vary hidden depth-density coordinates,same readout different native content,volume or mass-like content is not inferred from a shadow alone
319,known complete frame,use all independent channels,declared finite tomography,reconstruction requires both enough data and a known projection map
320,unknown projection state,withhold the map,inverse nonuniqueness,even many readouts do not identify a native model without projection dynamics
321,effective equation,interpret as a law on generated readouts,projection-conditioned physics,effective accuracy does not by itself prove a unique origin model
322,native equation,evolve the latent carrier independently,origin dynamics,the native law is not calibrated by an effective shadow value
323,projection equation,evolve observer apparatus and channel state,measurement dynamics,observer motion is a separate causal input
324,three dynamics,compose native projection and interaction terms,complete forward readout change,the bridge predicts effective change without inverse fitting
325,four force readouts,apply the same hierarchy,one parent-to-four-channel map,unification occurs before effective force equations are compared
326,ratio-only comparison,remove the common scale after projection,dimensionless comparison target,the proof is expressed in scale-free ratios
327,unrestricted inverse problem,retain its nonuniqueness flag,no fabricated origin identification,external data alone does not close the native model
328,unrestricted continuum problems,retain explicit scope boundaries,no false completion,finite certificates do not solve every open field-theory problem
329,external replication,require independent implementation,fail-closed status,the program requires independent verification for external confirmation
330,zero to readout chain,verify each predecessor relation,causal dependency order,no consequence precedes its generating premise
331,projection firewall,verify all forbidden direct identities are false,layer separation,native values and effective measured values remain distinct
332,cone helper,verify example-only flag,no fixed-cone ontology,the explanatory analogy remains separate from the theory premise
333,single channel kernel,verify nullity three,explicit missing information,one shadow requires the complete native state to determine the four-coordinate parent
334,scaled native states,compare projected ratios,identical ratio packet,global scale is removed only at the readout layer
335,all registered roots,execute each exactly once,complete certificate sequence,proof preservation and correction are simultaneously checked
336,all gates,take their conjunction,chronological native-to-effective four-force theorem,the final result remains limited to the declared mathematical class
337,all ternary update maps,exhaust nineteen thousand six hundred eighty-three laws,one admissible residual law,the transition law is unique in the complete native function class
338,eighteen generated characters,classify by parity and ternary degree,one sector assignment,five one three eight is unique under the invariant selector
339,native matter carrier; anomaly equations; time projectors,decode forward,sealed chiral prediction packet,no observed value enters the packet
340,countable infinite lattice; rational orthogonal coin,apply local conditional shift,unitary causal field evolution,norm and finite propagation are exact
341,dyadic refinements,take the dense translation union,strong-continuity bridge,the continuum carrier is approached without logarithms or fitted scales
342,five one three eight sectors,apply exact variational identities,four effective operator certificates,measured coefficients do not flow backward
343,rational horizon parameters,factor the nonlinear lapse polynomial,two exact horizons,black-hole area and surface-gravity ratios are generated
344,Kasner and FLRW families,verify nonlinear Einstein equations,vacuum and matter cosmologies,the gravity sector is not limited to linearization
345,Lorentz constraints; inverse-limit action,propagate and refine,constraint-compatible quantum gravity class,two physical polarizations survive
346,five hundred twelve ledgers,enumerate directly,first core packet,no factorization assumption is used
347,local transition counts,multiply independent row factors,second core packet,no global enumeration is used
348,two core packets,compare exact objects and digests,algorithmic reproduction,independent algorithms agree exactly
349,prediction packet,freeze its digest,blind-comparison object,later data leaves unchanged the theory output
350,external reproduction schema,freeze challenge digest,third-party executable target,the program cannot invent an external signature
351,mathematical frontiers,conjoin seven new theorems,seven completed rows,all in-file solvable weaknesses are closed
352,external-only actions,require independent identity and hidden data,fail-closed rows,independent evidence is represented by signed comparison fields
353,native state; projection state,retain the three-term product rule,effective readout,direct-value identity remains forbidden
354,infinite-volume dynamics; four force channels,take the direct sum,one unitary parent readout carrier,all channels share one causal field class
355,nonlinear gravity families; effective operators,couple through the projection firewall,ratio-only gravity readouts,absolute calibration is supplied by the unique unit decoder
356,chiral packet; scattering packet,combine from generated inputs,forward prediction registry,the packet is independently testable
357,source comments; reader principles,place before the corresponding theorem,continuous readable proof,the theorem is presented at its dependency position
358,all registered antecedent roots; eight closure theorem roots,execute each once,dependency preservation,all valid antecedent proofs remain in the standalone dependency chain
359,all mathematical gates,take their conjunction,expanded declared-class completion,no finite example is mislabeled as every possible theory
360,external frontier protocol,retain false until independently signed,honest empirical boundary,mathematical completion and external confirmation remain logically distinct
361,saturated relative zero; eighteen child relations,iterate inward,eighteen-branch cylinder hierarchy,every finite depth is compatible with the same relation law
362,complete child family,coarse grain eighteen children,one higher-layer parent,outward aggregation is the reverse ledger operation
363,depth n cylinders,assign weight one over eighteen to the n,normalized layer measure,every parent weight equals the sum of child weights
364,shell depth,count all relation words,eighteen to the depth shell law,layer population is generated rather than fitted
365,all shells through depth n,sum the geometric sequence,eighteen to n plus one minus one over seventeen,the onion-layer cumulative formula is exact
366,outer inner and fill signs,sum over a complete shell,zero signed boundary flux,internal occupancy may remain nonzero while the layer closes externally
367,same symbolic shell; two embeddings,compare distance signatures,different geometric readouts,branching alone does not fix a sphere cone torus or another shape
368,orientation cycle,sum four directed steps,closed displacement,topological closure requires an embedding and orientation law
369,six-phase internal cycle,resolve every phase,nonzero internal motion,the lower-layer observer reads force-like flow
370,same six phases,quotient by conserved macro signature,one persistent effective unit,the upper-layer observer reads a closed object
371,closed cycle activity,retain quadratic internal burden,energy-like readout,coarse stability does not erase internal dynamics
372,local quotient unit,hide phase through projection,particle-like readout,particle means unresolved closed unit in this classification
373,closed source; multiple locations,apply a distributed response map,field-like readout,one carrier can have a spatially extended effective role
374,force energy matter particle field roles,evaluate closure and projection predicates,layer-dependent role table,no mandatory force-to-matter conrealization is assumed
375,ternary eigenvalues; occupancy parity,take the tensor product,eighteen exact scale eigenvalues,the multiscale operator is generated from the local transition law
376,common character,evaluate its eigenvalue,scale-fixed mode one,the common source persists across layers
377,uniform fill contrast,evaluate its parity eigenvalue,signed period-two mode minus one,a boundary contrast can alternate without magnitude loss
378,strong weak gravity characters,evaluate rational degree products,bounded sector spectra,sector attenuation and sign are computed exactly
379,scale spectrum; layer-role predicates,keep the maps separate,nonfixed ontology,an eigenvalue alone does not decide whether a mode is force or matter
380,native carrier; coarse observer,compose closure with projection,dynamics-to-object bridge,internal flow and external object are compatible descriptions
381,lower-layer closed unit,reuse as higher-layer relation seat,recursive source generation,a material readout can become a force or source input at another layer
382,higher-layer effective unit,resolve its hidden phases,inverse role decomposition,a material or particle readout can reopen into lower-layer dynamics
383,reader exposition map,print before each relevant theorem,premise-before-proof order,the reason for each equation remains visible in the output
384,source orientation comments,place beside the defining functions,standalone readable source,the defining functions contain complete standalone semantic descriptions
385,conceptual explanations; computed certificates,pair every interpretation with exact scope,no analogy becomes an unstated axiom,cone and onion language remain examples
386,inward and outward limits; projection firewall,join through the layer-role theorem,multiscale native-to-effective chain,readouts remain distinct from native values
387,all antecedent proof roots; five multiscale closure roots,execute each once in causal order,standalone dependency proof,each explanation precedes its dependent theorem
388,all exact gates,take the conjunction,expanded multiscale four-force theorem,independent physical confirmation remains independently testable
389,three outer coordinates; three inner coordinates; two occupations,use the generated product coordinates,exact three-by-three-by-two symbolic scale,scale is derived without selecting a physical shape
390,symbolic depth,multiply axis subdivisions,eighteen-to-the-depth cells,cylinder weights normalize exactly
391,cyclic coordinate transport,iterate the native relation shift,six-layer symbolic closure,finite relation topology has an exact period
392,closed conserved flux; effective dimension,divide by boundary multiplicity,one-over-radius-to-dimension-minus-one law,inverse square follows only in generated effective dimension three
393,integer closure depth,retain only complete shells,discrete scale levels,shell quantization comes from closure rather than fitted radii
394,microscopic saturation cycle,count exact transfer ticks,four-tick lower-layer clock,time is the order of residual completion
395,nested completed cycles,coarse grain each child closure to one event,aggregate layer time,one lower process becomes one higher event
396,three symbolic coordinates per layer,resolve every depth,rank three times depth,coarse observation compresses the hierarchy back to rank three
397,closure and projection predicates,classify one carrier,force energy matter particle field and gravity-like roles,role is layer dependent and not mandatory
398,eighteen character scale spectrum,assemble one diagonal native update,single native evolution operator,all effective sectors share one parent dynamics
399,sector projection; native update,prove the intertwining identity,effective pushforward equation,the projected law is not imported from observation
400,native trajectory; sector trajectory,compare step by step,identical projected evolution,native-first and effective-only routes agree
401,native action defect,split by orthogonal sectors,zero sector defects and zero parent defect,the variational constraint descends exactly
402,time-dependent projection,retain the product-rule interaction term,complete effective change,observer motion is not hidden in native motion
403,open balanced zero,project the abelian sector,Maxwell-type gauge dynamics,the effective field is generated after the origin layer
404,orthogonal projected branches,normalize conserved quadratic burden,Born-type probability,the rule follows from conserved quadratic normalization
405,local norm-preserving transfer,complete the infinite carrier,unitary quantum evolution,unitarity is an effective pushforward certificate
406,generated Clifford carrier,apply chiral propagation,Dirac-type effective equation,chirality comes from the matter sector
407,compact noncommuting sector,form curvature and variation,Yang-Mills-type dynamics,the gauge equation is a projected parent equation
408,universal closure burden; metric projection,vary the symmetric sector,Einstein-type dynamics,nonlinear families remain within their declared class
409,closed four-site relation loop,diagonalize its exact Laplacian,rational vibration spectrum,string-like mathematics emerges without a fundamental string axiom
410,repeated coarse graining,iterate the transfer kernel,renormalization fixed point,scale flow is generated by the layer map
411,consistent closed refinements,take projective geometry limits,loop-spinfoam-like effective structure,structural overlap is not full equivalence
412,one parent action; one plus seventeen split,compare generated operator families,standard-model-plus-gravity effective dictionary,the native parent generates the effective equation family in forward order
413,unitary and Born certificates,group their projected consequences,quantum-mechanics effective dictionary,the native state is not identified with one measured wavefunction value
414,closed modes,compare only the effective spectrum class,string-like connection,no compactification or full string equivalence is claimed
415,projective geometry,compare refinement invariants,loop-spinfoam-like connection,no unrestricted quantum-gravity equivalence is claimed
416,recursive fixed point,compare scale-flow structure,asymptotic-safety-like connection,the overlap is mathematical and bounded
417,all effective family rows,seal before any external table,native-to-effective packet hash,no coefficient generation is forward and sealed
418,reader explanations,place before their mathematical certificates,standalone derivation rationale,the generalized shadow metaphor cannot be mistaken for literal optics
419,native origin; projection; effective equations,compose in one causal direction,complete forward physics compiler,standard physics is recovered as an effective layer
420,all registered antecedent and closure roots,execute each exactly once,expanded chronological four-force proof,physical equality remains a separate sealed comparison interface
421,three-by-three-by-two infinite addresses,decode finite prefixes as nested rational boxes,complete three-coordinate continuum carrier,physical metric remains a later projection datum
422,temporal residual order; three symbolic coordinates,form their direct causal product,three-plus-one generated coordinate rank,time is not copied from an external spacetime equation
423,eighteen child relations,average and subtract the common component,one common plus seventeen residual directions,coarse matter-like readout and resolved force-like modes are scale roles
424,native states modulo a projection kernel,descend the native update to equivalence classes,exact effective quotient dynamics,effective accuracy does not imply a unique native origin
425,closure and observation predicates,exhaust every Boolean combination,force energy matter particle field and gravity-like role classes,no mandatory role ladder is assumed
426,incidence; adjoint; skew update; variation,compose one operator grammar,conservation gauge wave quantum chiral nonabelian and metric families,measured coefficients are not origin inputs
427,generated operator certificates,map thirty principal equation forms to native ingredients,standard equation dictionary,the dictionary covers forms rather than all empirical constants
428,all mathematically relevant explanations,place them before dependent certificates,complete standalone conceptual exposition,"the exposition contains only mathematical definitions, constructions, and theorems"
429,sealed prediction; two internal implementations; source digest,assemble a no-fitting external challenge,blind ratio and reproduction package,independent signatures are evaluated by the sealed matcher
430,all internal closure theorem roots,conjoin their exact gates,complete native-effective unification theorem,independent physical identity remains independently testable
431,three-coordinate continuum cells; seventeen hidden residuals; six hidden phases,form a surjective quotient projection,three-dimensional effective world fibers,the effective world is real but information-compressed
432,distinct native states,hold the projected cell fixed while changing hidden labels,many-to-one world projection,effective equations maps to a nontrivial native equivalence class the native source
433,native local neighbors,project to neighboring world cells,locality descent,hidden internal differences do not create superlocal world jumps
434,one relation step; one temporal update,define the causal conrealization ratio,dimensionless universal causal speed,no measured light speed is inserted
435,six-step relation closure,coarse grain distance and time together,layer-invariant causal ratio,the speed is preserved across recursive layers
436,unequal object-specific rates,compare their values,object-motion universality no-go,one arbitrary native rotation requires the universal generated limit to define the universal limit
437,native increment; projection increment,retain the exact product rule,synchronized effective change,native and projection motion remain distinct causes
438,sign-alternating electromagnetic mode,shift one local cell per tick,causal-bound-saturating effective pulse,physical photon identification is represented by the sealed decoder
439,rational norm-preserving carrier,read either distributed amplitudes or rank-one channels,wave-particle projection duality,one carrier supports two resolutions
440,closure burden; fixed native adjacency,change only the effective edge costs,metric-dependent path and delay,the finite graph is not asserted to be full general relativity
441,relation counts; ranks; closure ratios; sector fractions,seal dimensionless invariants,projection constant ledger,measured constants are not origin inputs
442,common distance-time rescaling,rescale numerator and denominator together,causal-ratio invariance,unit choice cannot change the dimensionless speed
443,hidden kernel shifts,hold the projected ratio fixed,kernel invariance,unobserved native directions do not alter the effective constant
444,thirty generated equation forms; three-dimensional quotient world,act on projection equivalence classes,effective world equation closure,standard physics remains exact in its declared domain
445,existing candidate structures,compare only bounded effective mathematics,nonexclusive framework connections,no candidate is used backward to choose the native theory
446,world and light explanations,place every premise before its certificate,complete standalone exposition,the optical language is used only as a mathematical projection interpretation
447,all world light internal roots,conjoin exact gates and seal scopes,complete three-dimensional world unification theorem,physical universe and measured photon identity remain falsifiable
448,all antecedent and closure roots,execute once in causal order,expanded chronological four-force proof,external blind ratios and third-party reproduction remain independent
449,outer sign; inner sign; occupancy,form labeled local change vectors,rank-three semantic carrier,three-dimensionality follows from independent local semantics rather than eighteen alone
450,three three two radix labels,enumerate integer factorizations preserving labels,unique labeled factorization,nonlocal merged encodings are excluded by the local grammar
451,unit causal ratio; three-coordinate world,construct a rational boost,exact null-cone preservation,no measured speed is inserted
452,three-four-five rotation,pull back the spatial metric,exact rational rotational covariance,a nontrivial causal frame subgroup is generated
453,two equal orthogonal channels,normalize quadratically,one over square root two algebraic scale,the Bell coefficient is generated by duality
454,four measurement settings,construct joint Born probabilities,Bell correlation beyond the local bound,all probabilities remain positive and normalized
455,remote setting choices,sum over the remote result,one-half local marginals,projection fibers do not enable signalling
456,character scale eigenvalues,iterate coarse graining,persistent and contracting mode split,stable effective laws emerge from the native spectrum
457,two-step electromagnetic block,square the sign mode,persistent causal electromagnetic mode,microscopic sign alternation does not erase the effective carrier
458,orthonormal sector eigenvalues,take the mean squared value,native quadratic coefficients,effective coefficients descend without observed couplings
459,quadratic coefficient vector,normalize by a common reference,scale-free sector ratio packet,absolute units cancel
460,fractional algorithm; integer common-denominator algorithm,compare normalized vectors,dual-algorithm prediction identity,the packet is independently reproducible inside the source
461,sealed ratio packet,mutate each component after sealing,deterministic rejection,fitting and post-seal repair are impossible
462,native ledger; world projection,apply the exact surjective quotient,native-to-world interface,hidden fibers do not destroy world locality
463,world quotient; generated operator grammar,push forward actions and coefficients,standard effective physics layer,standard equations remain exact within their declared domain
464,effective equations; dimensionless invariants,form the immutable ratio contract,observation interface,only ratios are compared
465,all hierarchy explanations,place premise before certificate,standalone readable hierarchy,the exposition contains only the generated proof structure
466,all hierarchy roots,conjoin exact gates,complete native world standard observation theorem,independent evidence is recorded through signed comparison fields but immediately scoreable
467,native generator; projection fibers,test kernel invariance,exact autonomous effective law,trajectory agreement is decided for every state
468,closed force-sector kernels,construct intertwining operators,four exact quotient dynamics,five one three eight sectors share one parent generator
469,nonclosed coupled projection,apply a hidden kernel witness,autonomy contradiction,one current shadow value requires the complete native state to determine every next value
470,visible block; hidden block,eliminate hidden coordinates exactly,instantaneous memory and hidden-force terms,projection failure becomes a calculable effective law
471,nilpotent hidden update,compute successive memory kernels,finite two-step memory,no fitted damping or continuum ansatz is used
472,proposed observable rows,close their Krylov span under the native generator,minimal invariant observable algebra,effective variables are discovered rather than copied
473,proper observable prefixes,test generator invariance,minimality certificate,no smaller memoryless linear system exists in the declared model
474,JS shell source; three projection families,evolve project and jointly reconstruct,forward JS-SH dynamical diagram,several ambiguous readouts recover one source together
475,final reconstructed source; inverse native generator,step backward exactly,reverse JS-SH source history,forward and reverse equations share one native carrier
476,gravity electromagnetic weak strong projectors,classify closure of their observable algebras,four memoryless force laws,no separate native generator is introduced per force
477,incomplete mixed force readout,retain its exact memory kernel,finite-memory effective law,partial resolution explains non-Markovian shadows
478,thirty standard equation forms,classify by closure memory scale or constraint,one dynamical bridge dictionary,equations are connected by a rule rather than by visual analogy
479,six framework structures,apply the same compiler,bounded candidate connections,existing candidates remain effective descriptions and not native axioms
480,instantaneous memory kernel; first delayed kernel,take exact squared-strength ratio,one-eighth closure-defect prediction,a new ratio is generated before observation
481,closure-defect ratio,rescale numerator and denominator together,scale invariance,the prediction is dimensionless
482,all dynamical explanations,place premise before certificate,standalone closure-memory exposition,the exposition follows the generated dynamical proof structure
483,closure memory reconstruction and prediction roots,conjoin exact gates,complete dynamical closure theorem,one rule spans source world equations and observations
484,all antecedent and dynamical roots,execute once in causal order,expanded chronological four-force proof,unrestricted physical identification remains independently falsifiable
485,polynomial native vector field; projection readouts,take exact Lie derivatives,continuous closure criterion,factorization is tested as a polynomial identity
486,equal current difference readouts; different hidden coordinates,compare their derivatives,continuous nonclosure witness,one shadow value leaves multiple admissible continuations for one derivative
487,conserved total; linearly advancing hidden coordinate,integrate the hidden square exactly,cubic nonlinear flow,no infinite series is required
488,nonlinear flow at two times,compose and compare with summed time,exact semigroup law,inverse time recovers every sampled source
489,visible coordinate; two hidden shift seats,eliminate hidden states,two-step nonlinear memory recurrence,nonclosure becomes an exact effective equation
490,delayed visible square,propagate every initial state,native-memory trajectory identity,no fitted kernel is introduced
491,rational projective clock,apply the Cayley family,JS-SH norm-preserving flow,trigonometric evaluation is unnecessary
492,two projective clock parameters,compose by the fractional clock law,closed forward-reverse family,complementary shell readouts reconstruct the source
493,common carrier; four sector coordinates,vary and eliminate the stationary common coordinate,four-force Schur action,one parent generates all cross-sector couplings
494,five one three eight ranks,form the coupling vector,positive effective sector matrix,all principal minors are exact and positive
495,sector rank; closure type; operator role,enumerate every decoder permutation,unique semantic force map,observed numbers do not choose the labels
496,thirty standard equation forms,replace every mechanism label by a proved generalized root,thirty commuting diagrams,native sources are not selected backward
497,native mechanism; world readout; effective equation; ratio interface,verify each arrow,closed trajectory compiler,all thirty rows pass
498,native coefficient ratios; memory ratio,combine independent packets,multi-ratio prediction set,absolute units are absent
499,five one three eight pair products,normalize by their total,six common-carrier pair fractions,the fractions sum to one
500,force ranks,normalize by seventeen,four force-rank fractions,the fractions sum to one
501,sealed multi-ratio packet,mutate each pair component,deterministic rejection,post-seal repair is impossible
502,all generalized explanations,place premise before certificate,standalone generalized exposition,the exposition contains only the generated proof structure
503,Lie flow memory JS-SH action decoder equation prediction roots,conjoin exact gates,complete generalized dynamical theorem,independent evidence is recorded through signed comparison fields
504,all antecedent and generalized roots,execute once in causal order,expanded chronological four-force proof,unrestricted physical identification remains independently falsifiable
505,order-six native jet,enumerate every monomial coefficient,coefficientwise closure decision,sample fitting is replaced by an algebraic test
506,hidden-direction jet monomials,inspect projected derivatives,explicit smooth-jet obstructions,one hidden coefficient prevents autonomy
507,arbitrary rational transfer polynomial,integrate each shifted monomial,exact triangular polynomial flow,the family is solved by a finite binomial identity
508,two rational flow times,compose and compare with their sum,parameterized semigroup law,the result holds throughout the declared coefficient family
509,m hidden shift seats,eliminate the queue,m-step nonlinear memory equation,memory depth is generated by hidden dimension
510,two states differing only in the oldest seat,compare their next visible state,memory-depth minimality witness,no shorter state description is exact
511,JS-SH rational Cayley family,differentiate the projective parameter,continuous skew-generator equation,norm preservation holds infinitesimally
512,negative projective parameter,multiply by the forward matrix,exact reverse identity,forward and reverse clocks share one generator
513,four-force Schur action; common layer scale,scale the complete parent system,uniformly scaled effective action,normalized force content is unchanged
514,scaled principal minors,compare with degree powers of the layer factor,recursive positivity,action stability survives every declared layer
515,seven trajectory mechanisms,construct distinct semantic signatures,mechanism decoder table,equation mechanisms are fixed before observation
516,all seven-factor permutations,test signature preservation,one admissible mechanism map,numerical proximity cannot relabel the compiler
517,sealed dimensionless prediction rows,apply labeled interval scoring,blind capsule verdict,theory state is immutable during comparison
518,one displaced capsule component,run the same scorer,deterministic rejection,post-seal repair is impossible
519,finite internal test points,construct their vanishing polynomial,finite-agreement counterexample,finite replay cannot prove unrestricted identity
520,outside test point,evaluate the same polynomial,nonzero disagreement,the unrestricted boundary is mathematically explicit
521,all exact-frontier explanations,place premise before certificate,standalone frontier exposition,the proof is complete from its declared mathematical dependencies
522,jet flow memory JS-SH action decoder verdict boundary roots,conjoin exact gates,complete exact internal frontier,independent facts enter through signed comparison fields
523,complete internal frontier; external signature fields,separate logical ownership,maximal internal completion without fabricated evidence,independence is preserved
524,all antecedent and exact-frontier roots,execute once in causal order,expanded chronological four-force proof,unrestricted and empirical identities remain independently falsifiable
525,dependency-ordered four-force proof,state the complete foundational step,"Two primitive channels and four transformation layers generate the integers 2, 4, 8, 10, and the twelve-seat carrier.",the foundational derivation is explicit and precedes the later completion rows
526,dependency-ordered four-force proof,state the complete foundational step,"The least common carrier of the two-fold, three-fold, and four-fold requirements is 12, so no smaller positive carrier satisfies all three requirements.",the foundational derivation is explicit and precedes the later completion rows
527,dependency-ordered four-force proof,state the complete foundational step,"Rank plus root count gives algebra dimensions 1, 3, and 8, identifying the abelian, weak, and color operator classes.",the foundational derivation is explicit and precedes the later completion rows
528,dependency-ordered four-force proof,state the complete foundational step,The anomaly equations and Yukawa equations are solved simultaneously; their primitive integer solution fixes the relative chiral charges.,the foundational derivation is explicit and precedes the later completion rows
529,dependency-ordered four-force proof,state the complete foundational step,Adding weak isospin to hypercharge gives the reduced electric ratio up:down:neutrino:electron = 2:-1:0:-3.,the foundational derivation is explicit and precedes the later completion rows
530,dependency-ordered four-force proof,state the complete foundational step,"The Higgs vacuum has total electric charge zero, so one neutral gauge direction remains unbroken.",the foundational derivation is explicit and precedes the later completion rows
531,dependency-ordered four-force proof,state the complete foundational step,The neutral mass matrix has determinant zero and positive trace; therefore it has exactly one massless direction and one massive direction.,the foundational derivation is explicit and precedes the later completion rows
532,dependency-ordered four-force proof,state the complete foundational step,The Ginsparg-Wilson identity and index one provide one exact chiral fermion mode without the fifteen unwanted doubler modes.,the foundational derivation is explicit and precedes the later completion rows
533,dependency-ordered four-force proof,state the complete foundational step,BRST nilpotency separates gauge-exact states from the positive physical state space.,the foundational derivation is explicit and precedes the later completion rows
534,dependency-ordered four-force proof,state the complete foundational step,"Gauge invariance and canonical dimension leave exactly the required kinetic, scalar, Yukawa, and neutral Majorana operator classes.",the foundational derivation is explicit and precedes the later completion rows
535,dependency-ordered four-force proof,state the complete foundational step,The electromagnetic operator is abelian with a conserved signed source; the weak operator is nonabelian and left-chiral.,the foundational derivation is explicit and precedes the later completion rows
536,dependency-ordered four-force proof,state the complete foundational step,"The strong operator carries the A2 color algebra, a positive gap, and the exact meson and baryon color decompositions.",the foundational derivation is explicit and precedes the later completion rows
537,dependency-ordered four-force proof,state the complete foundational step,The gravity operator is symmetric rank two and couples universally; the Einstein-Maxwell family verifies nonlinear matter-curvature coupling.,the foundational derivation is explicit and precedes the later completion rows
538,dependency-ordered four-force proof,state the complete foundational step,"The four operator signatures are pairwise distinct, so the force assignment is unique inside the declared grammar.",the foundational derivation is explicit and precedes the later completion rows
539,dependency-ordered four-force proof,state the complete foundational step,Permutation symmetry and normalization force all four parent-action weights to equal one quarter.,the foundational derivation is explicit and precedes the later completion rows
540,dependency-ordered four-force proof,state the complete foundational step,Differentiating the four sector actions and adding their gradients reproduces the Euler-Lagrange equation of the single parent action.,the foundational derivation is explicit and precedes the later completion rows
541,dependency-ordered four-force proof,state the complete foundational step,A positive reflection-positive transfer semigroup supplies exact interacting quantum evolution.,the foundational derivation is explicit and precedes the later completion rows
542,dependency-ordered four-force proof,state the complete foundational step,"The dimensionless prediction packet is hashed before comparison, preventing later numerical retuning.",the foundational derivation is explicit and precedes the later completion rows
543,all 525 registered theorem roots,execute each exactly once in the declared dependency order,every registered theorem gate is true,the complete internal proof has no skipped theorem root
544,internal proof completion; independent evidence interface,separate executable derivation from independent measurement and reproduction,internal declared class is proved while physical identification is evaluated through the independent comparison interface,the proof supplies a sealed object for independent confirmation
